user_id,name,country,registration_date,age,email
1,User_1,Italy,2022-02-26,49,user_1@email.com
2,User_2,Tunisia,2022-09-09,26,user_2@email.com
3,User_3,UK,2023-07-12,64,user_3@email.com
4,User_4,Morocco,2022-05-05,56,user_4@email.com
5,User_5,Italy,2022-02-04,65,user_5@email.com
6,User_6,Morocco,2022-09-02,33,user_6@email.com
7,User_7,Egypt,2022-09-24,32,user_7@email.com
8,User_8,Spain,2023-02-03,20,user_8@email.com
9,User_9,Italy,2022-10-01,54,user_9@email.com
10,User_10,Italy,2023-02-14,66,user_10@email.com
11,User_11,Tunisia,2022-03-19,60,user_11@email.com
12,User_12,Canada,2023-10-17,31,user_12@email.com
13,User_13,Germany,2022-02-17,39,user_13@email.com
14,User_14,USA,2022-05-09,31,user_14@email.com
15,User_15,Spain,2022-02-09,26,user_15@email.com
16,User_16,Egypt,2022-04-07,41,user_16@email.com
17,User_17,Egypt,2023-07-15,24,user_17@email.com
18,User_18,Morocco,2023-11-17,65,user_18@email.com
19,User_19,Germany,2022-07-03,30,user_19@email.com
20,User_20,Canada,2022-02-11,49,user_20@email.com
21,User_21,UK,2022-02-15,27,user_21@email.com
22,User_22,Morocco,2022-08-19,22,user_22@email.com
23,User_23,Egypt,2023-02-01,60,user_23@email.com
24,User_24,Canada,2022-09-15,26,user_24@email.com
25,User_25,France,2023-02-16,61,user_25@email.com
26,User_26,Egypt,2022-10-29,30,user_26@email.com
27,User_27,Spain,2023-09-13,48,user_27@email.com
28,User_28,Germany,2022-04-24,60,user_28@email.com
29,User_29,Spain,2022-07-14,41,user_29@email.com
30,User_30,Germany,2022-11-21,34,user_30@email.com
31,User_31,UK,2022-08-08,31,user_31@email.com
32,User_32,Canada,2023-12-29,18,user_32@email.com
33,User_33,Germany,2022-02-27,41,user_33@email.com
34,User_34,Spain,2023-11-13,35,user_34@email.com
35,User_35,USA,2023-11-06,43,user_35@email.com
36,User_36,Spain,2022-02-12,52,user_36@email.com
37,User_37,Canada,2023-02-25,70,user_37@email.com
38,User_38,Spain,2023-03-17,33,user_38@email.com
39,User_39,Italy,2023-01-04,23,user_39@email.com
40,User_40,Spain,2022-07-28,40,user_40@email.com
41,User_41,Morocco,2023-04-05,22,user_41@email.com
42,User_42,Morocco,2022-07-15,66,user_42@email.com
43,User_43,Morocco,2022-11-13,39,user_43@email.com
44,User_44,Germany,2023-02-12,33,user_44@email.com
45,User_45,Italy,2022-12-23,68,user_45@email.com
46,User_46,Germany,2022-07-31,62,user_46@email.com
47,User_47,France,2022-08-15,29,user_47@email.com
48,User_48,UK,2023-08-30,64,user_48@email.com
49,User_49,Egypt,2023-09-01,66,user_49@email.com
50,User_50,USA,2022-12-24,33,user_50@email.com
51,User_51,USA,2022-11-10,20,user_51@email.com
52,User_52,Egypt,2022-09-12,66,user_52@email.com
53,User_53,Morocco,2023-09-12,47,user_53@email.com
54,User_54,Egypt,2022-04-03,24,user_54@email.com
55,User_55,Tunisia,2022-04-20,22,user_55@email.com
56,User_56,Germany,2023-12-15,22,user_56@email.com
57,User_57,USA,2022-09-08,30,user_57@email.com
58,User_58,France,2022-04-04,36,user_58@email.com
59,User_59,Tunisia,2023-11-02,23,user_59@email.com
60,User_60,Egypt,2022-03-09,60,user_60@email.com
61,User_61,USA,2023-05-23,58,user_61@email.com
62,User_62,France,2023-05-15,25,user_62@email.com
63,User_63,Germany,2022-06-18,50,user_63@email.com
64,User_64,Egypt,2022-03-24,63,user_64@email.com
65,User_65,France,2022-12-03,21,user_65@email.com
66,User_66,Canada,2022-11-22,57,user_66@email.com
67,User_67,UK,2022-05-17,55,user_67@email.com
68,User_68,UK,2023-11-02,26,user_68@email.com
69,User_69,Germany,2022-06-23,39,user_69@email.com
70,User_70,Tunisia,2023-12-13,30,user_70@email.com
71,User_71,Spain,2023-11-24,58,user_71@email.com
72,User_72,France,2023-06-16,48,user_72@email.com
73,User_73,Spain,2023-06-10,40,user_73@email.com
74,User_74,UK,2023-04-12,34,user_74@email.com
75,User_75,Canada,2022-07-26,62,user_75@email.com
76,User_76,UK,2023-11-20,36,user_76@email.com
77,User_77,Morocco,2023-02-20,37,user_77@email.com
78,User_78,France,2022-04-10,62,user_78@email.com
79,User_79,UK,2022-02-17,34,user_79@email.com
80,User_80,Canada,2023-10-04,27,user_80@email.com
81,User_81,Morocco,2022-07-10,43,user_81@email.com
82,User_82,Egypt,2023-05-16,45,user_82@email.com
83,User_83,Italy,2022-08-31,39,user_83@email.com
84,User_84,Egypt,2022-11-07,68,user_84@email.com
85,User_85,Italy,2022-11-22,39,user_85@email.com
86,User_86,Germany,2023-06-01,69,user_86@email.com
87,User_87,Egypt,2023-06-17,46,user_87@email.com
88,User_88,Spain,2023-03-14,35,user_88@email.com
89,User_89,Canada,2023-10-31,32,user_89@email.com
90,User_90,Egypt,2022-01-26,54,user_90@email.com
91,User_91,Germany,2022-12-09,54,user_91@email.com
92,User_92,Canada,2022-04-16,46,user_92@email.com
93,User_93,Tunisia,2023-04-22,54,user_93@email.com
94,User_94,Spain,2022-05-26,46,user_94@email.com
95,User_95,Egypt,2023-12-05,54,user_95@email.com
96,User_96,Spain,2023-11-01,25,user_96@email.com
97,User_97,USA,2022-02-05,66,user_97@email.com
98,User_98,UK,2022-03-18,50,user_98@email.com
99,User_99,Italy,2022-09-28,68,user_99@email.com
100,User_100,Italy,2023-01-21,33,user_100@email.com
101,User_101,Canada,2022-03-11,68,user_101@email.com
102,User_102,USA,2023-03-07,49,user_102@email.com
103,User_103,Egypt,2023-03-10,32,user_103@email.com
104,User_104,Germany,2022-03-20,46,user_104@email.com
105,User_105,Spain,2023-01-04,25,user_105@email.com
106,User_106,Italy,2022-12-30,67,user_106@email.com
107,User_107,Italy,2022-03-19,59,user_107@email.com
108,User_108,France,2022-03-23,51,user_108@email.com
109,User_109,Canada,2022-08-14,22,user_109@email.com
110,User_110,Canada,2022-12-26,49,user_110@email.com
111,User_111,Spain,2022-02-10,31,user_111@email.com
112,User_112,Germany,2023-06-20,28,user_112@email.com
113,User_113,France,2023-11-08,46,user_113@email.com
114,User_114,France,2022-05-29,25,user_114@email.com
115,User_115,Germany,2022-04-16,49,user_115@email.com
116,User_116,USA,2023-03-09,55,user_116@email.com
117,User_117,Italy,2023-12-09,53,user_117@email.com
118,User_118,France,2023-10-30,20,user_118@email.com
119,User_119,UK,2023-03-01,33,user_119@email.com
120,User_120,USA,2023-10-31,60,user_120@email.com
121,User_121,France,2022-04-19,56,user_121@email.com
122,User_122,Italy,2023-08-16,41,user_122@email.com
123,User_123,USA,2022-09-06,41,user_123@email.com
124,User_124,Morocco,2023-05-08,47,user_124@email.com
125,User_125,UK,2022-04-25,34,user_125@email.com
126,User_126,France,2023-01-20,69,user_126@email.com
127,User_127,Canada,2023-04-08,53,user_127@email.com
128,User_128,Germany,2022-11-13,34,user_128@email.com
129,User_129,Egypt,2022-09-13,33,user_129@email.com
130,User_130,USA,2022-02-02,25,user_130@email.com
131,User_131,Germany,2022-07-20,61,user_131@email.com
132,User_132,USA,2023-10-24,53,user_132@email.com
133,User_133,Tunisia,2022-01-22,56,user_133@email.com
134,User_134,USA,2022-06-06,66,user_134@email.com
135,User_135,Tunisia,2022-11-16,37,user_135@email.com
136,User_136,Canada,2022-06-25,58,user_136@email.com
137,User_137,Canada,2022-01-21,48,user_137@email.com
138,User_138,USA,2022-11-23,21,user_138@email.com
139,User_139,USA,2022-11-26,49,user_139@email.com
140,User_140,Spain,2022-04-04,47,user_140@email.com
141,User_141,Germany,2022-11-19,19,user_141@email.com
142,User_142,France,2022-08-17,54,user_142@email.com
143,User_143,USA,2023-02-16,42,user_143@email.com
144,User_144,Canada,2022-04-17,34,user_144@email.com
145,User_145,Spain,2023-04-28,39,user_145@email.com
146,User_146,Spain,2022-05-10,44,user_146@email.com
147,User_147,Spain,2023-03-10,37,user_147@email.com
148,User_148,Germany,2022-08-30,64,user_148@email.com
149,User_149,Canada,2022-06-06,27,user_149@email.com
150,User_150,France,2023-06-25,19,user_150@email.com
151,User_151,France,2023-01-29,53,user_151@email.com
152,User_152,Canada,2023-09-19,63,user_152@email.com
153,User_153,Egypt,2022-04-05,18,user_153@email.com
154,User_154,Canada,2023-10-13,36,user_154@email.com
155,User_155,Egypt,2023-04-25,45,user_155@email.com
156,User_156,Spain,2022-09-22,27,user_156@email.com
157,User_157,Tunisia,2022-09-04,21,user_157@email.com
158,User_158,Morocco,2022-08-04,37,user_158@email.com
159,User_159,Tunisia,2022-05-08,48,user_159@email.com
160,User_160,Egypt,2023-11-19,19,user_160@email.com
161,User_161,Morocco,2023-01-06,58,user_161@email.com
162,User_162,USA,2022-09-09,21,user_162@email.com
163,User_163,Italy,2022-05-14,28,user_163@email.com
164,User_164,Germany,2022-11-15,57,user_164@email.com
165,User_165,UK,2022-09-27,25,user_165@email.com
166,User_166,Tunisia,2022-04-03,49,user_166@email.com
167,User_167,France,2022-05-12,64,user_167@email.com
168,User_168,Morocco,2023-11-05,61,user_168@email.com
169,User_169,Egypt,2023-05-25,23,user_169@email.com
170,User_170,Tunisia,2023-01-16,40,user_170@email.com
171,User_171,Spain,2023-12-30,41,user_171@email.com
172,User_172,Germany,2022-01-04,57,user_172@email.com
173,User_173,Tunisia,2022-01-15,63,user_173@email.com
174,User_174,France,2022-04-03,61,user_174@email.com
175,User_175,Morocco,2022-02-20,20,user_175@email.com
176,User_176,USA,2022-04-18,48,user_176@email.com
177,User_177,France,2022-04-27,22,user_177@email.com
178,User_178,UK,2023-01-04,23,user_178@email.com
179,User_179,Tunisia,2022-11-09,61,user_179@email.com
180,User_180,UK,2023-09-16,45,user_180@email.com
181,User_181,Morocco,2023-11-11,42,user_181@email.com
182,User_182,Canada,2023-11-19,59,user_182@email.com
183,User_183,France,2022-02-05,43,user_183@email.com
184,User_184,France,2022-07-13,25,user_184@email.com
185,User_185,Egypt,2022-11-22,56,user_185@email.com
186,User_186,Italy,2022-08-31,50,user_186@email.com
187,User_187,Germany,2022-12-03,59,user_187@email.com
188,User_188,Egypt,2022-10-06,54,user_188@email.com
189,User_189,Tunisia,2023-12-13,56,user_189@email.com
190,User_190,Germany,2022-01-29,50,user_190@email.com
191,User_191,Canada,2023-07-29,24,user_191@email.com
192,User_192,France,2023-06-09,42,user_192@email.com
193,User_193,Italy,2022-03-16,25,user_193@email.com
194,User_194,France,2022-03-11,50,user_194@email.com
195,User_195,USA,2022-07-24,62,user_195@email.com
196,User_196,Germany,2022-03-17,65,user_196@email.com
197,User_197,UK,2023-06-30,57,user_197@email.com
198,User_198,Egypt,2022-12-16,23,user_198@email.com
199,User_199,USA,2023-06-04,49,user_199@email.com
200,User_200,Canada,2022-07-29,53,user_200@email.com
201,User_201,Canada,2022-01-22,18,user_201@email.com
202,User_202,Germany,2023-01-11,27,user_202@email.com
203,User_203,Tunisia,2023-05-11,44,user_203@email.com
204,User_204,Tunisia,2022-06-15,39,user_204@email.com
205,User_205,Egypt,2022-06-29,54,user_205@email.com
206,User_206,USA,2023-01-13,52,user_206@email.com
207,User_207,Germany,2022-04-08,49,user_207@email.com
208,User_208,Canada,2022-02-28,64,user_208@email.com
209,User_209,France,2023-01-18,19,user_209@email.com
210,User_210,France,2022-07-19,62,user_210@email.com
211,User_211,France,2022-05-07,67,user_211@email.com
212,User_212,Germany,2023-06-29,39,user_212@email.com
213,User_213,USA,2022-07-17,26,user_213@email.com
214,User_214,UK,2023-04-02,52,user_214@email.com
215,User_215,Egypt,2023-02-16,35,user_215@email.com
216,User_216,Canada,2023-03-01,27,user_216@email.com
217,User_217,Tunisia,2022-06-13,63,user_217@email.com
218,User_218,Germany,2022-12-25,54,user_218@email.com
219,User_219,Italy,2023-08-13,70,user_219@email.com
220,User_220,Morocco,2023-02-08,46,user_220@email.com
221,User_221,Italy,2022-12-14,51,user_221@email.com
222,User_222,Tunisia,2022-01-07,35,user_222@email.com
223,User_223,Tunisia,2022-09-18,19,user_223@email.com
224,User_224,Canada,2023-04-26,30,user_224@email.com
225,User_225,Spain,2023-03-27,70,user_225@email.com
226,User_226,Spain,2023-01-18,19,user_226@email.com
227,User_227,Egypt,2022-10-27,57,user_227@email.com
228,User_228,USA,2023-12-25,53,user_228@email.com
229,User_229,USA,2023-09-25,26,user_229@email.com
230,User_230,Italy,2023-09-14,32,user_230@email.com
231,User_231,Germany,2022-08-08,57,user_231@email.com
232,User_232,Egypt,2022-10-04,27,user_232@email.com
233,User_233,USA,2023-04-13,23,user_233@email.com
234,User_234,Egypt,2022-02-07,41,user_234@email.com
235,User_235,Spain,2023-09-05,50,user_235@email.com
236,User_236,Spain,2022-04-22,44,user_236@email.com
237,User_237,Spain,2022-10-18,68,user_237@email.com
238,User_238,Canada,2022-05-20,37,user_238@email.com
239,User_239,USA,2023-03-24,66,user_239@email.com
240,User_240,Canada,2022-09-11,44,user_240@email.com
241,User_241,USA,2023-05-12,33,user_241@email.com
242,User_242,Germany,2022-07-06,57,user_242@email.com
243,User_243,Spain,2023-01-05,55,user_243@email.com
244,User_244,Morocco,2023-10-06,20,user_244@email.com
245,User_245,Italy,2023-02-03,24,user_245@email.com
246,User_246,UK,2023-10-22,27,user_246@email.com
247,User_247,Morocco,2023-03-16,68,user_247@email.com
248,User_248,France,2023-01-27,63,user_248@email.com
249,User_249,Egypt,2023-06-13,30,user_249@email.com
250,User_250,USA,2023-07-24,32,user_250@email.com
251,User_251,Morocco,2023-04-20,45,user_251@email.com
252,User_252,Canada,2023-05-08,68,user_252@email.com
253,User_253,France,2023-07-16,41,user_253@email.com
254,User_254,Egypt,2022-01-24,19,user_254@email.com
255,User_255,USA,2022-07-21,21,user_255@email.com
256,User_256,Germany,2023-02-13,62,user_256@email.com
257,User_257,USA,2022-03-20,29,user_257@email.com
258,User_258,Italy,2022-12-18,59,user_258@email.com
259,User_259,Spain,2023-10-19,49,user_259@email.com
260,User_260,Spain,2022-12-08,65,user_260@email.com
261,User_261,Germany,2022-09-15,49,user_261@email.com
262,User_262,Tunisia,2023-05-20,55,user_262@email.com
263,User_263,UK,2023-09-17,38,user_263@email.com
264,User_264,Germany,2023-06-15,36,user_264@email.com
265,User_265,UK,2022-12-17,58,user_265@email.com
266,User_266,Morocco,2023-12-21,37,user_266@email.com
267,User_267,USA,2023-10-07,70,user_267@email.com
268,User_268,Tunisia,2022-12-28,19,user_268@email.com
269,User_269,Italy,2023-06-21,36,user_269@email.com
270,User_270,Tunisia,2022-04-29,59,user_270@email.com
271,User_271,France,2022-12-17,45,user_271@email.com
272,User_272,Italy,2023-09-14,52,user_272@email.com
273,User_273,Italy,2023-06-20,31,user_273@email.com
274,User_274,USA,2022-02-25,61,user_274@email.com
275,User_275,Spain,2022-04-14,52,user_275@email.com
276,User_276,Tunisia,2022-06-25,59,user_276@email.com
277,User_277,Tunisia,2022-03-10,63,user_277@email.com
278,User_278,Egypt,2023-06-06,23,user_278@email.com
279,User_279,UK,2023-12-20,22,user_279@email.com
280,User_280,Tunisia,2022-04-30,44,user_280@email.com
281,User_281,Spain,2022-04-09,28,user_281@email.com
282,User_282,France,2022-03-09,47,user_282@email.com
283,User_283,Germany,2022-01-09,18,user_283@email.com
284,User_284,France,2022-04-30,48,user_284@email.com
285,User_285,Italy,2023-02-01,52,user_285@email.com
286,User_286,Germany,2023-02-11,19,user_286@email.com
287,User_287,USA,2023-04-02,69,user_287@email.com
288,User_288,UK,2022-04-05,33,user_288@email.com
289,User_289,Germany,2023-07-10,33,user_289@email.com
290,User_290,Canada,2022-08-29,45,user_290@email.com
291,User_291,Italy,2023-04-12,37,user_291@email.com
292,User_292,Tunisia,2022-03-13,27,user_292@email.com
293,User_293,Egypt,2022-09-06,36,user_293@email.com
294,User_294,Italy,2023-03-19,62,user_294@email.com
295,User_295,Italy,2023-09-28,66,user_295@email.com
296,User_296,Canada,2023-04-04,47,user_296@email.com
297,User_297,Egypt,2023-09-18,63,user_297@email.com
298,User_298,France,2023-08-04,70,user_298@email.com
299,User_299,Egypt,2023-06-15,23,user_299@email.com
300,User_300,UK,2023-05-14,19,user_300@email.com
301,User_301,UK,2023-06-07,41,user_301@email.com
302,User_302,Germany,2023-04-09,45,user_302@email.com
303,User_303,Germany,2023-04-20,28,user_303@email.com
304,User_304,UK,2022-12-06,27,user_304@email.com
305,User_305,Germany,2022-10-22,20,user_305@email.com
306,User_306,Egypt,2022-09-21,25,user_306@email.com
307,User_307,France,2022-11-23,36,user_307@email.com
308,User_308,UK,2022-01-31,52,user_308@email.com
309,User_309,Canada,2022-03-15,66,user_309@email.com
310,User_310,USA,2023-01-04,21,user_310@email.com
311,User_311,France,2023-05-12,69,user_311@email.com
312,User_312,Spain,2022-10-29,59,user_312@email.com
313,User_313,Tunisia,2023-04-04,25,user_313@email.com
314,User_314,France,2023-01-23,41,user_314@email.com
315,User_315,France,2023-08-21,62,user_315@email.com
316,User_316,Tunisia,2022-07-28,47,user_316@email.com
317,User_317,UK,2022-07-02,41,user_317@email.com
318,User_318,Spain,2022-05-28,45,user_318@email.com
319,User_319,Tunisia,2022-03-05,57,user_319@email.com
320,User_320,Morocco,2022-02-21,67,user_320@email.com
321,User_321,France,2022-08-11,24,user_321@email.com
322,User_322,France,2022-11-28,39,user_322@email.com
323,User_323,Spain,2023-11-09,41,user_323@email.com
324,User_324,Canada,2022-10-17,47,user_324@email.com
325,User_325,France,2023-08-05,44,user_325@email.com
326,User_326,Morocco,2023-04-11,44,user_326@email.com
327,User_327,Tunisia,2022-06-05,43,user_327@email.com
328,User_328,Spain,2022-01-31,34,user_328@email.com
329,User_329,France,2022-07-30,23,user_329@email.com
330,User_330,France,2023-02-20,58,user_330@email.com
331,User_331,Spain,2022-02-09,57,user_331@email.com
332,User_332,Germany,2023-08-24,58,user_332@email.com
333,User_333,Egypt,2023-03-29,45,user_333@email.com
334,User_334,Spain,2022-05-30,18,user_334@email.com
335,User_335,Morocco,2022-03-24,34,user_335@email.com
336,User_336,Canada,2022-10-29,18,user_336@email.com
337,User_337,Spain,2022-07-06,44,user_337@email.com
338,User_338,USA,2022-08-08,63,user_338@email.com
339,User_339,Tunisia,2022-11-21,30,user_339@email.com
340,User_340,France,2023-11-05,25,user_340@email.com
341,User_341,Egypt,2022-04-26,51,user_341@email.com
342,User_342,Tunisia,2023-11-26,29,user_342@email.com
343,User_343,USA,2022-11-30,64,user_343@email.com
344,User_344,Germany,2022-01-25,69,user_344@email.com
345,User_345,Morocco,2022-10-31,48,user_345@email.com
346,User_346,UK,2022-05-09,56,user_346@email.com
347,User_347,Morocco,2023-08-05,26,user_347@email.com
348,User_348,Tunisia,2023-07-06,33,user_348@email.com
349,User_349,Canada,2023-08-04,19,user_349@email.com
350,User_350,Tunisia,2023-07-24,46,user_350@email.com
351,User_351,Egypt,2022-09-24,60,user_351@email.com
352,User_352,Tunisia,2022-08-05,28,user_352@email.com
353,User_353,Germany,2023-04-26,65,user_353@email.com
354,User_354,Italy,2022-01-06,68,user_354@email.com
355,User_355,Germany,2023-12-21,36,user_355@email.com
356,User_356,UK,2023-07-12,55,user_356@email.com
357,User_357,Canada,2023-09-28,58,user_357@email.com
358,User_358,Morocco,2023-06-04,49,user_358@email.com
359,User_359,Morocco,2023-12-18,24,user_359@email.com
360,User_360,Egypt,2023-11-19,43,user_360@email.com
361,User_361,Canada,2023-01-28,34,user_361@email.com
362,User_362,Tunisia,2022-01-01,37,user_362@email.com
363,User_363,Germany,2022-09-19,68,user_363@email.com
364,User_364,UK,2022-08-27,33,user_364@email.com
365,User_365,UK,2023-04-23,28,user_365@email.com
366,User_366,Spain,2022-04-08,69,user_366@email.com
367,User_367,Morocco,2022-08-15,58,user_367@email.com
368,User_368,Germany,2022-04-12,33,user_368@email.com
369,User_369,UK,2022-05-20,51,user_369@email.com
370,User_370,Canada,2023-11-28,39,user_370@email.com
371,User_371,Italy,2022-01-06,65,user_371@email.com
372,User_372,USA,2022-06-26,62,user_372@email.com
373,User_373,France,2022-05-14,50,user_373@email.com
374,User_374,France,2023-03-26,57,user_374@email.com
375,User_375,Italy,2022-05-04,29,user_375@email.com
376,User_376,Canada,2023-03-08,40,user_376@email.com
377,User_377,UK,2023-12-28,36,user_377@email.com
378,User_378,UK,2023-12-12,19,user_378@email.com
379,User_379,Germany,2022-10-31,40,user_379@email.com
380,User_380,Morocco,2023-06-10,27,user_380@email.com
381,User_381,Morocco,2022-04-04,51,user_381@email.com
382,User_382,Tunisia,2023-09-12,70,user_382@email.com
383,User_383,Italy,2022-02-10,70,user_383@email.com
384,User_384,Italy,2022-08-14,54,user_384@email.com
385,User_385,UK,2023-03-14,67,user_385@email.com
386,User_386,Spain,2023-03-18,39,user_386@email.com
387,User_387,Canada,2022-01-13,32,user_387@email.com
388,User_388,Morocco,2022-05-05,22,user_388@email.com
389,User_389,Egypt,2022-01-14,70,user_389@email.com
390,User_390,USA,2022-02-16,59,user_390@email.com
391,User_391,UK,2022-10-24,31,user_391@email.com
392,User_392,USA,2023-07-06,56,user_392@email.com
393,User_393,Spain,2023-07-19,56,user_393@email.com
394,User_394,Canada,2023-10-17,44,user_394@email.com
395,User_395,Canada,2022-02-08,41,user_395@email.com
396,User_396,Italy,2023-11-14,54,user_396@email.com
397,User_397,Tunisia,2022-06-13,19,user_397@email.com
398,User_398,Morocco,2022-03-15,59,user_398@email.com
399,User_399,France,2022-04-08,63,user_399@email.com
400,User_400,Canada,2022-12-14,28,user_400@email.com
401,User_401,Morocco,2022-07-01,61,user_401@email.com
402,User_402,France,2023-06-04,42,user_402@email.com
403,User_403,USA,2022-05-17,70,user_403@email.com
404,User_404,Spain,2023-03-30,45,user_404@email.com
405,User_405,Tunisia,2022-01-26,63,user_405@email.com
406,User_406,UK,2022-07-22,18,user_406@email.com
407,User_407,France,2022-03-29,51,user_407@email.com
408,User_408,Italy,2022-07-06,19,user_408@email.com
409,User_409,UK,2022-03-02,24,user_409@email.com
410,User_410,Egypt,2022-03-04,38,user_410@email.com
411,User_411,Italy,2022-12-14,30,user_411@email.com
412,User_412,Egypt,2022-07-22,48,user_412@email.com
413,User_413,Italy,2022-07-14,37,user_413@email.com
414,User_414,UK,2022-07-03,62,user_414@email.com
415,User_415,Italy,2022-07-26,59,user_415@email.com
416,User_416,Germany,2022-04-13,45,user_416@email.com
417,User_417,Spain,2023-12-27,45,user_417@email.com
418,User_418,USA,2023-02-05,68,user_418@email.com
419,User_419,Italy,2022-11-07,22,user_419@email.com
420,User_420,Egypt,2022-11-12,19,user_420@email.com
421,User_421,Spain,2022-04-30,65,user_421@email.com
422,User_422,Italy,2023-08-21,19,user_422@email.com
423,User_423,Tunisia,2023-07-22,58,user_423@email.com
424,User_424,Canada,2023-03-14,61,user_424@email.com
425,User_425,USA,2023-04-03,37,user_425@email.com
426,User_426,Spain,2022-03-14,23,user_426@email.com
427,User_427,Spain,2022-12-13,21,user_427@email.com
428,User_428,Tunisia,2022-05-14,49,user_428@email.com
429,User_429,USA,2023-01-12,53,user_429@email.com
430,User_430,Egypt,2022-08-07,57,user_430@email.com
431,User_431,UK,2023-03-16,47,user_431@email.com
432,User_432,France,2023-09-07,61,user_432@email.com
433,User_433,France,2023-06-09,19,user_433@email.com
434,User_434,Egypt,2023-11-02,44,user_434@email.com
435,User_435,Tunisia,2023-05-30,29,user_435@email.com
436,User_436,USA,2023-11-30,60,user_436@email.com
437,User_437,Canada,2022-05-26,35,user_437@email.com
438,User_438,France,2022-09-24,70,user_438@email.com
439,User_439,France,2022-07-08,27,user_439@email.com
440,User_440,UK,2022-11-07,65,user_440@email.com
441,User_441,USA,2022-04-10,59,user_441@email.com
442,User_442,Tunisia,2023-02-02,36,user_442@email.com
443,User_443,USA,2023-06-06,59,user_443@email.com
444,User_444,Tunisia,2022-03-22,20,user_444@email.com
445,User_445,Morocco,2022-04-08,23,user_445@email.com
446,User_446,Canada,2023-02-08,60,user_446@email.com
447,User_447,UK,2023-09-14,30,user_447@email.com
448,User_448,Italy,2023-12-03,43,user_448@email.com
449,User_449,France,2023-08-10,56,user_449@email.com
450,User_450,UK,2023-01-14,27,user_450@email.com
451,User_451,France,2022-09-04,35,user_451@email.com
452,User_452,Canada,2023-01-03,48,user_452@email.com
453,User_453,Tunisia,2022-08-01,28,user_453@email.com
454,User_454,Canada,2023-11-27,46,user_454@email.com
455,User_455,USA,2022-02-23,50,user_455@email.com
456,User_456,Canada,2023-01-14,33,user_456@email.com
457,User_457,Spain,2023-04-21,68,user_457@email.com
458,User_458,Morocco,2023-05-02,36,user_458@email.com
459,User_459,Germany,2022-12-13,42,user_459@email.com
460,User_460,Spain,2023-12-05,30,user_460@email.com
461,User_461,Spain,2022-08-20,42,user_461@email.com
462,User_462,Egypt,2023-07-12,25,user_462@email.com
463,User_463,UK,2023-08-27,36,user_463@email.com
464,User_464,Canada,2022-03-07,60,user_464@email.com
465,User_465,UK,2023-07-27,48,user_465@email.com
466,User_466,Morocco,2022-12-19,21,user_466@email.com
467,User_467,Tunisia,2023-08-20,69,user_467@email.com
468,User_468,Italy,2022-12-05,66,user_468@email.com
469,User_469,Canada,2022-08-30,63,user_469@email.com
470,User_470,Tunisia,2022-11-12,44,user_470@email.com
471,User_471,Tunisia,2023-06-25,47,user_471@email.com
472,User_472,Spain,2023-07-12,63,user_472@email.com
473,User_473,Morocco,2023-12-07,43,user_473@email.com
474,User_474,France,2023-03-06,68,user_474@email.com
475,User_475,USA,2023-03-22,44,user_475@email.com
476,User_476,USA,2022-08-07,18,user_476@email.com
477,User_477,UK,2023-09-21,51,user_477@email.com
478,User_478,USA,2023-09-08,22,user_478@email.com
479,User_479,Tunisia,2023-01-10,64,user_479@email.com
480,User_480,Italy,2022-05-16,18,user_480@email.com
481,User_481,Canada,2023-01-17,30,user_481@email.com
482,User_482,France,2023-11-19,35,user_482@email.com
483,User_483,Egypt,2023-04-23,21,user_483@email.com
484,User_484,USA,2022-07-11,24,user_484@email.com
485,User_485,Morocco,2023-03-14,31,user_485@email.com
486,User_486,Canada,2023-12-28,67,user_486@email.com
487,User_487,Italy,2022-01-01,36,user_487@email.com
488,User_488,Spain,2023-12-07,65,user_488@email.com
489,User_489,Spain,2022-04-05,53,user_489@email.com
490,User_490,USA,2023-03-29,56,user_490@email.com
491,User_491,UK,2023-10-01,29,user_491@email.com
492,User_492,France,2023-10-13,65,user_492@email.com
493,User_493,Canada,2023-04-15,53,user_493@email.com
494,User_494,Egypt,2023-02-17,56,user_494@email.com
495,User_495,Italy,2022-02-28,43,user_495@email.com
496,User_496,Morocco,2022-04-24,59,user_496@email.com
497,User_497,Egypt,2023-01-12,45,user_497@email.com
498,User_498,Canada,2022-06-28,52,user_498@email.com
499,User_499,Italy,2023-09-20,63,user_499@email.com
500,User_500,Spain,2022-07-17,50,user_500@email.com
501,User_501,Canada,2022-02-13,35,user_501@email.com
502,User_502,Spain,2022-05-28,30,user_502@email.com
503,User_503,Egypt,2023-03-26,63,user_503@email.com
504,User_504,Morocco,2022-12-17,48,user_504@email.com
505,User_505,Spain,2022-10-29,43,user_505@email.com
506,User_506,Morocco,2022-02-14,55,user_506@email.com
507,User_507,France,2022-03-30,21,user_507@email.com
508,User_508,Italy,2023-07-08,28,user_508@email.com
509,User_509,UK,2023-12-12,31,user_509@email.com
510,User_510,Germany,2023-07-03,66,user_510@email.com
511,User_511,Italy,2023-07-11,40,user_511@email.com
512,User_512,USA,2023-08-21,36,user_512@email.com
513,User_513,UK,2022-06-27,19,user_513@email.com
514,User_514,Egypt,2023-10-28,66,user_514@email.com
515,User_515,USA,2022-11-02,68,user_515@email.com
516,User_516,Italy,2022-06-06,62,user_516@email.com
517,User_517,France,2022-02-01,68,user_517@email.com
518,User_518,Tunisia,2023-02-14,51,user_518@email.com
519,User_519,Egypt,2023-07-19,19,user_519@email.com
520,User_520,Morocco,2022-07-20,42,user_520@email.com
521,User_521,Canada,2022-02-16,37,user_521@email.com
522,User_522,Morocco,2023-03-31,49,user_522@email.com
523,User_523,Canada,2022-08-14,58,user_523@email.com
524,User_524,UK,2022-02-08,67,user_524@email.com
525,User_525,Italy,2023-09-05,47,user_525@email.com
526,User_526,Tunisia,2022-05-06,41,user_526@email.com
527,User_527,UK,2022-02-12,31,user_527@email.com
528,User_528,Canada,2023-11-08,19,user_528@email.com
529,User_529,USA,2022-10-06,65,user_529@email.com
530,User_530,USA,2023-01-24,18,user_530@email.com
531,User_531,Italy,2023-12-31,56,user_531@email.com
532,User_532,Tunisia,2023-09-28,59,user_532@email.com
533,User_533,Tunisia,2022-12-10,54,user_533@email.com
534,User_534,Italy,2022-10-18,36,user_534@email.com
535,User_535,Tunisia,2022-01-20,21,user_535@email.com
536,User_536,Tunisia,2022-10-02,54,user_536@email.com
537,User_537,Spain,2022-10-01,50,user_537@email.com
538,User_538,Tunisia,2022-11-24,24,user_538@email.com
539,User_539,Egypt,2023-12-09,64,user_539@email.com
540,User_540,France,2023-06-07,45,user_540@email.com
541,User_541,Egypt,2023-03-05,45,user_541@email.com
542,User_542,Germany,2022-07-08,22,user_542@email.com
543,User_543,Tunisia,2023-11-04,26,user_543@email.com
544,User_544,UK,2022-10-31,19,user_544@email.com
545,User_545,Egypt,2022-03-26,65,user_545@email.com
546,User_546,USA,2022-09-18,45,user_546@email.com
547,User_547,UK,2022-12-03,27,user_547@email.com
548,User_548,USA,2023-12-24,29,user_548@email.com
549,User_549,Germany,2022-12-08,64,user_549@email.com
550,User_550,Italy,2023-06-21,56,user_550@email.com
551,User_551,Italy,2023-06-21,54,user_551@email.com
552,User_552,UK,2023-04-02,48,user_552@email.com
553,User_553,Egypt,2022-05-28,51,user_553@email.com
554,User_554,Spain,2022-03-05,47,user_554@email.com
555,User_555,Egypt,2022-12-04,66,user_555@email.com
556,User_556,USA,2022-02-10,35,user_556@email.com
557,User_557,France,2022-03-01,29,user_557@email.com
558,User_558,Egypt,2022-05-20,60,user_558@email.com
559,User_559,Canada,2022-06-20,37,user_559@email.com
560,User_560,Morocco,2023-03-29,45,user_560@email.com
561,User_561,Canada,2023-06-06,20,user_561@email.com
562,User_562,France,2023-08-07,60,user_562@email.com
563,User_563,France,2023-12-21,41,user_563@email.com
564,User_564,France,2023-10-15,20,user_564@email.com
565,User_565,Canada,2023-02-16,24,user_565@email.com
566,User_566,Spain,2023-02-08,55,user_566@email.com
567,User_567,Germany,2022-11-28,44,user_567@email.com
568,User_568,France,2023-12-24,60,user_568@email.com
569,User_569,Spain,2022-01-19,34,user_569@email.com
570,User_570,Egypt,2023-11-02,47,user_570@email.com
571,User_571,Egypt,2023-07-21,20,user_571@email.com
572,User_572,Canada,2022-06-21,56,user_572@email.com
573,User_573,Morocco,2022-09-20,26,user_573@email.com
574,User_574,Spain,2022-06-17,46,user_574@email.com
575,User_575,Egypt,2023-03-02,47,user_575@email.com
576,User_576,Germany,2022-06-18,41,user_576@email.com
577,User_577,USA,2023-05-16,41,user_577@email.com
578,User_578,Germany,2023-01-11,38,user_578@email.com
579,User_579,Germany,2023-11-30,56,user_579@email.com
580,User_580,Morocco,2022-07-26,67,user_580@email.com
581,User_581,France,2023-04-12,48,user_581@email.com
582,User_582,UK,2023-08-08,36,user_582@email.com
583,User_583,Morocco,2023-10-16,57,user_583@email.com
584,User_584,France,2023-05-20,30,user_584@email.com
585,User_585,Spain,2022-09-22,59,user_585@email.com
586,User_586,USA,2023-11-21,27,user_586@email.com
587,User_587,Canada,2022-08-20,54,user_587@email.com
588,User_588,Canada,2022-08-23,49,user_588@email.com
589,User_589,Canada,2023-06-01,52,user_589@email.com
590,User_590,Morocco,2022-03-19,50,user_590@email.com
591,User_591,UK,2023-01-18,60,user_591@email.com
592,User_592,UK,2022-10-10,41,user_592@email.com
593,User_593,Spain,2022-12-08,70,user_593@email.com
594,User_594,Spain,2022-03-08,53,user_594@email.com
595,User_595,Tunisia,2022-03-22,33,user_595@email.com
596,User_596,Spain,2023-12-18,46,user_596@email.com
597,User_597,Germany,2022-05-19,37,user_597@email.com
598,User_598,France,2022-03-01,45,user_598@email.com
599,User_599,Morocco,2023-09-24,64,user_599@email.com
600,User_600,USA,2022-04-16,24,user_600@email.com
601,User_601,Germany,2022-06-20,62,user_601@email.com
602,User_602,USA,2022-01-05,47,user_602@email.com
603,User_603,Germany,2023-07-06,54,user_603@email.com
604,User_604,Canada,2022-02-06,52,user_604@email.com
605,User_605,Spain,2023-05-18,34,user_605@email.com
606,User_606,Italy,2022-12-19,20,user_606@email.com
607,User_607,Morocco,2023-12-11,47,user_607@email.com
608,User_608,France,2022-06-15,37,user_608@email.com
609,User_609,Germany,2023-05-02,53,user_609@email.com
610,User_610,Canada,2023-01-17,32,user_610@email.com
611,User_611,Egypt,2023-12-05,45,user_611@email.com
612,User_612,Tunisia,2024-01-01,18,user_612@email.com
613,User_613,Canada,2022-07-30,62,user_613@email.com
614,User_614,Canada,2023-04-18,54,user_614@email.com
615,User_615,Egypt,2022-06-14,50,user_615@email.com
616,User_616,Egypt,2022-10-02,52,user_616@email.com
617,User_617,Tunisia,2022-10-09,31,user_617@email.com
618,User_618,Italy,2022-10-30,61,user_618@email.com
619,User_619,Egypt,2023-02-08,44,user_619@email.com
620,User_620,France,2022-09-16,31,user_620@email.com
621,User_621,UK,2023-02-11,30,user_621@email.com
622,User_622,UK,2023-03-19,53,user_622@email.com
623,User_623,Morocco,2022-01-04,45,user_623@email.com
624,User_624,Tunisia,2022-01-10,44,user_624@email.com
625,User_625,Germany,2023-06-07,47,user_625@email.com
626,User_626,Tunisia,2023-06-05,54,user_626@email.com
627,User_627,USA,2023-10-25,51,user_627@email.com
628,User_628,Spain,2023-08-08,21,user_628@email.com
629,User_629,Morocco,2022-09-19,40,user_629@email.com
630,User_630,France,2022-04-23,35,user_630@email.com
631,User_631,Tunisia,2023-09-18,53,user_631@email.com
632,User_632,Germany,2023-03-17,38,user_632@email.com
633,User_633,UK,2022-01-01,51,user_633@email.com
634,User_634,Tunisia,2022-05-26,53,user_634@email.com
635,User_635,USA,2023-10-14,65,user_635@email.com
636,User_636,Italy,2023-12-09,28,user_636@email.com
637,User_637,Morocco,2022-07-20,29,user_637@email.com
638,User_638,USA,2023-12-02,63,user_638@email.com
639,User_639,Egypt,2023-04-02,26,user_639@email.com
640,User_640,Egypt,2022-06-12,37,user_640@email.com
641,User_641,USA,2023-03-22,61,user_641@email.com
642,User_642,Italy,2022-07-17,52,user_642@email.com
643,User_643,USA,2022-10-19,42,user_643@email.com
644,User_644,Morocco,2022-03-06,70,user_644@email.com
645,User_645,Egypt,2023-12-05,53,user_645@email.com
646,User_646,Tunisia,2022-04-13,29,user_646@email.com
647,User_647,France,2022-12-04,55,user_647@email.com
648,User_648,Germany,2023-10-22,52,user_648@email.com
649,User_649,Spain,2023-12-21,70,user_649@email.com
650,User_650,USA,2022-07-01,29,user_650@email.com
651,User_651,UK,2022-06-04,62,user_651@email.com
652,User_652,Germany,2022-06-27,43,user_652@email.com
653,User_653,Spain,2023-11-28,60,user_653@email.com
654,User_654,Italy,2022-02-03,19,user_654@email.com
655,User_655,Spain,2023-11-28,37,user_655@email.com
656,User_656,Canada,2022-03-24,59,user_656@email.com
657,User_657,Italy,2022-08-21,34,user_657@email.com
658,User_658,Spain,2022-06-27,21,user_658@email.com
659,User_659,Morocco,2023-09-16,55,user_659@email.com
660,User_660,Germany,2022-05-26,70,user_660@email.com
661,User_661,USA,2022-10-27,67,user_661@email.com
662,User_662,Canada,2023-11-10,42,user_662@email.com
663,User_663,Spain,2022-07-07,25,user_663@email.com
664,User_664,Tunisia,2022-06-09,48,user_664@email.com
665,User_665,USA,2022-11-11,19,user_665@email.com
666,User_666,USA,2022-04-19,69,user_666@email.com
667,User_667,Germany,2022-05-22,56,user_667@email.com
668,User_668,USA,2022-07-15,21,user_668@email.com
669,User_669,Morocco,2023-03-30,51,user_669@email.com
670,User_670,USA,2023-07-24,22,user_670@email.com
671,User_671,UK,2023-09-08,24,user_671@email.com
672,User_672,Morocco,2023-09-19,60,user_672@email.com
673,User_673,Egypt,2022-08-02,48,user_673@email.com
674,User_674,UK,2022-12-17,48,user_674@email.com
675,User_675,Egypt,2022-04-26,56,user_675@email.com
676,User_676,UK,2023-03-19,50,user_676@email.com
677,User_677,USA,2023-04-17,22,user_677@email.com
678,User_678,Spain,2022-08-18,46,user_678@email.com
679,User_679,France,2023-06-30,56,user_679@email.com
680,User_680,USA,2023-02-09,65,user_680@email.com
681,User_681,USA,2022-03-19,70,user_681@email.com
682,User_682,Italy,2023-10-06,32,user_682@email.com
683,User_683,Egypt,2022-11-28,63,user_683@email.com
684,User_684,Morocco,2022-06-06,43,user_684@email.com
685,User_685,USA,2022-09-08,26,user_685@email.com
686,User_686,Tunisia,2022-11-11,55,user_686@email.com
687,User_687,Tunisia,2023-10-15,38,user_687@email.com
688,User_688,Tunisia,2022-11-10,69,user_688@email.com
689,User_689,UK,2022-01-29,69,user_689@email.com
690,User_690,Italy,2023-10-07,70,user_690@email.com
691,User_691,Italy,2023-05-11,54,user_691@email.com
692,User_692,Egypt,2022-11-12,66,user_692@email.com
693,User_693,UK,2023-12-02,22,user_693@email.com
694,User_694,Spain,2023-10-22,54,user_694@email.com
695,User_695,Germany,2023-04-30,33,user_695@email.com
696,User_696,Egypt,2023-03-25,44,user_696@email.com
697,User_697,USA,2022-07-17,20,user_697@email.com
698,User_698,Tunisia,2022-07-23,22,user_698@email.com
699,User_699,Germany,2022-01-01,37,user_699@email.com
700,User_700,Tunisia,2022-12-14,30,user_700@email.com
701,User_701,France,2023-04-02,62,user_701@email.com
702,User_702,UK,2022-05-15,61,user_702@email.com
703,User_703,Egypt,2023-02-13,63,user_703@email.com
704,User_704,Egypt,2022-10-25,59,user_704@email.com
705,User_705,Germany,2022-07-05,56,user_705@email.com
706,User_706,USA,2022-12-20,23,user_706@email.com
707,User_707,USA,2023-11-13,20,user_707@email.com
708,User_708,USA,2022-03-28,34,user_708@email.com
709,User_709,Germany,2023-06-17,32,user_709@email.com
710,User_710,Spain,2023-06-28,42,user_710@email.com
711,User_711,Morocco,2022-03-02,49,user_711@email.com
712,User_712,UK,2022-08-19,23,user_712@email.com
713,User_713,USA,2023-10-23,54,user_713@email.com
714,User_714,Tunisia,2022-06-07,19,user_714@email.com
715,User_715,Canada,2023-06-24,56,user_715@email.com
716,User_716,Morocco,2023-02-13,66,user_716@email.com
717,User_717,UK,2023-08-14,55,user_717@email.com
718,User_718,Canada,2022-08-28,22,user_718@email.com
719,User_719,Germany,2023-09-08,63,user_719@email.com
720,User_720,Italy,2023-06-16,37,user_720@email.com
721,User_721,Tunisia,2023-08-22,37,user_721@email.com
722,User_722,UK,2023-04-23,36,user_722@email.com
723,User_723,USA,2022-11-06,60,user_723@email.com
724,User_724,Germany,2023-05-05,27,user_724@email.com
725,User_725,Egypt,2022-10-08,26,user_725@email.com
726,User_726,Morocco,2022-01-16,67,user_726@email.com
727,User_727,Tunisia,2022-01-29,32,user_727@email.com
728,User_728,Germany,2023-10-16,61,user_728@email.com
729,User_729,Canada,2023-09-12,26,user_729@email.com
730,User_730,Germany,2023-01-20,45,user_730@email.com
731,User_731,Spain,2022-04-18,51,user_731@email.com
732,User_732,France,2022-02-06,59,user_732@email.com
733,User_733,USA,2023-07-28,40,user_733@email.com
734,User_734,Egypt,2022-10-25,60,user_734@email.com
735,User_735,Italy,2023-02-25,19,user_735@email.com
736,User_736,France,2022-04-09,26,user_736@email.com
737,User_737,Italy,2023-08-01,57,user_737@email.com
738,User_738,Egypt,2022-12-15,32,user_738@email.com
739,User_739,Spain,2023-07-15,32,user_739@email.com
740,User_740,Egypt,2022-01-17,49,user_740@email.com
741,User_741,Morocco,2022-08-02,47,user_741@email.com
742,User_742,Italy,2023-02-04,32,user_742@email.com
743,User_743,Italy,2023-08-07,27,user_743@email.com
744,User_744,Germany,2022-01-25,43,user_744@email.com
745,User_745,Spain,2023-10-07,62,user_745@email.com
746,User_746,Morocco,2022-12-19,26,user_746@email.com
747,User_747,Italy,2023-05-21,64,user_747@email.com
748,User_748,Germany,2023-02-21,20,user_748@email.com
749,User_749,Canada,2022-10-03,70,user_749@email.com
750,User_750,Tunisia,2023-12-05,39,user_750@email.com
751,User_751,Spain,2022-05-21,60,user_751@email.com
752,User_752,Egypt,2022-10-17,28,user_752@email.com
753,User_753,UK,2023-01-06,61,user_753@email.com
754,User_754,Morocco,2023-09-12,66,user_754@email.com
755,User_755,Spain,2023-12-28,61,user_755@email.com
756,User_756,USA,2023-03-03,42,user_756@email.com
757,User_757,USA,2022-03-12,44,user_757@email.com
758,User_758,Morocco,2023-11-17,41,user_758@email.com
759,User_759,Italy,2023-10-24,36,user_759@email.com
760,User_760,UK,2023-11-18,30,user_760@email.com
761,User_761,Spain,2023-05-01,55,user_761@email.com
762,User_762,USA,2023-05-27,50,user_762@email.com
763,User_763,Germany,2023-04-18,49,user_763@email.com
764,User_764,Italy,2022-11-29,41,user_764@email.com
765,User_765,Spain,2022-05-31,21,user_765@email.com
766,User_766,Egypt,2023-10-06,50,user_766@email.com
767,User_767,Germany,2022-01-27,44,user_767@email.com
768,User_768,Morocco,2023-12-17,44,user_768@email.com
769,User_769,USA,2023-05-09,64,user_769@email.com
770,User_770,Tunisia,2023-10-12,52,user_770@email.com
771,User_771,Spain,2022-07-07,54,user_771@email.com
772,User_772,UK,2023-10-07,33,user_772@email.com
773,User_773,Italy,2023-07-29,33,user_773@email.com
774,User_774,Spain,2023-06-02,40,user_774@email.com
775,User_775,Morocco,2023-05-03,31,user_775@email.com
776,User_776,Canada,2022-02-27,51,user_776@email.com
777,User_777,France,2023-04-09,45,user_777@email.com
778,User_778,Germany,2023-05-04,38,user_778@email.com
779,User_779,Tunisia,2022-06-26,47,user_779@email.com
780,User_780,Morocco,2023-07-02,27,user_780@email.com
781,User_781,Tunisia,2022-06-03,60,user_781@email.com
782,User_782,USA,2023-08-21,37,user_782@email.com
783,User_783,Italy,2023-12-22,21,user_783@email.com
784,User_784,Germany,2023-08-03,51,user_784@email.com
785,User_785,Spain,2022-05-09,48,user_785@email.com
786,User_786,UK,2023-05-03,35,user_786@email.com
787,User_787,Italy,2022-05-21,25,user_787@email.com
788,User_788,USA,2023-04-23,22,user_788@email.com
789,User_789,Spain,2022-09-12,69,user_789@email.com
790,User_790,Spain,2022-05-03,18,user_790@email.com
791,User_791,Morocco,2022-09-16,34,user_791@email.com
792,User_792,Canada,2022-08-25,33,user_792@email.com
793,User_793,UK,2022-06-19,32,user_793@email.com
794,User_794,Egypt,2022-10-19,32,user_794@email.com
795,User_795,France,2023-11-09,35,user_795@email.com
796,User_796,Tunisia,2022-08-24,52,user_796@email.com
797,User_797,Egypt,2023-04-13,19,user_797@email.com
798,User_798,Canada,2023-10-31,50,user_798@email.com
799,User_799,Tunisia,2023-02-21,31,user_799@email.com
800,User_800,Tunisia,2023-05-20,42,user_800@email.com
801,User_801,Spain,2023-03-19,40,user_801@email.com
802,User_802,USA,2023-04-01,60,user_802@email.com
803,User_803,Italy,2023-07-05,53,user_803@email.com
804,User_804,Egypt,2022-02-09,18,user_804@email.com
805,User_805,UK,2023-10-10,29,user_805@email.com
806,User_806,UK,2022-12-17,36,user_806@email.com
807,User_807,Egypt,2023-07-24,55,user_807@email.com
808,User_808,Tunisia,2022-04-29,42,user_808@email.com
809,User_809,Italy,2023-12-24,51,user_809@email.com
810,User_810,UK,2023-08-15,43,user_810@email.com
811,User_811,Egypt,2023-11-24,62,user_811@email.com
812,User_812,Germany,2022-03-16,49,user_812@email.com
813,User_813,Egypt,2023-03-26,26,user_813@email.com
814,User_814,Germany,2023-09-23,31,user_814@email.com
815,User_815,USA,2023-12-28,59,user_815@email.com
816,User_816,USA,2022-11-12,29,user_816@email.com
817,User_817,UK,2023-04-19,52,user_817@email.com
818,User_818,France,2023-09-02,32,user_818@email.com
819,User_819,Italy,2022-01-14,37,user_819@email.com
820,User_820,France,2022-05-13,52,user_820@email.com
821,User_821,Morocco,2022-02-05,63,user_821@email.com
822,User_822,Italy,2022-05-08,68,user_822@email.com
823,User_823,Canada,2022-11-08,51,user_823@email.com
824,User_824,Canada,2023-10-18,50,user_824@email.com
825,User_825,Morocco,2022-01-19,25,user_825@email.com
826,User_826,USA,2023-04-09,18,user_826@email.com
827,User_827,Egypt,2022-01-01,56,user_827@email.com
828,User_828,UK,2023-12-24,68,user_828@email.com
829,User_829,UK,2022-08-13,67,user_829@email.com
830,User_830,Morocco,2022-01-23,63,user_830@email.com
831,User_831,Spain,2023-10-01,26,user_831@email.com
832,User_832,Egypt,2023-10-20,48,user_832@email.com
833,User_833,Germany,2022-01-27,53,user_833@email.com
834,User_834,Tunisia,2022-11-23,55,user_834@email.com
835,User_835,Morocco,2022-04-09,34,user_835@email.com
836,User_836,Morocco,2023-05-06,47,user_836@email.com
837,User_837,France,2023-08-19,53,user_837@email.com
838,User_838,USA,2022-12-20,19,user_838@email.com
839,User_839,Canada,2022-03-25,45,user_839@email.com
840,User_840,Spain,2022-08-08,18,user_840@email.com
841,User_841,Italy,2022-10-10,64,user_841@email.com
842,User_842,France,2023-12-10,54,user_842@email.com
843,User_843,Egypt,2022-11-28,34,user_843@email.com
844,User_844,Canada,2023-11-13,52,user_844@email.com
845,User_845,UK,2022-10-14,54,user_845@email.com
846,User_846,Egypt,2022-01-10,22,user_846@email.com
847,User_847,Germany,2023-07-07,41,user_847@email.com
848,User_848,Egypt,2022-12-15,54,user_848@email.com
849,User_849,USA,2023-05-21,30,user_849@email.com
850,User_850,Tunisia,2022-08-27,29,user_850@email.com
851,User_851,Germany,2023-12-02,58,user_851@email.com
852,User_852,Germany,2023-02-18,46,user_852@email.com
853,User_853,Spain,2022-09-12,58,user_853@email.com
854,User_854,UK,2023-06-22,21,user_854@email.com
855,User_855,Egypt,2022-04-10,70,user_855@email.com
856,User_856,Germany,2022-12-10,51,user_856@email.com
857,User_857,France,2022-04-06,39,user_857@email.com
858,User_858,Canada,2023-05-03,49,user_858@email.com
859,User_859,Germany,2022-08-05,45,user_859@email.com
860,User_860,Italy,2022-05-10,47,user_860@email.com
861,User_861,Tunisia,2023-01-10,25,user_861@email.com
862,User_862,Italy,2023-12-21,37,user_862@email.com
863,User_863,UK,2022-03-15,56,user_863@email.com
864,User_864,Canada,2022-01-07,40,user_864@email.com
865,User_865,Italy,2023-01-16,49,user_865@email.com
866,User_866,Spain,2022-09-11,21,user_866@email.com
867,User_867,USA,2022-04-23,56,user_867@email.com
868,User_868,Italy,2023-10-17,56,user_868@email.com
869,User_869,Italy,2022-04-04,66,user_869@email.com
870,User_870,Egypt,2022-12-24,62,user_870@email.com
871,User_871,Canada,2022-09-13,62,user_871@email.com
872,User_872,Germany,2022-08-15,41,user_872@email.com
873,User_873,France,2023-04-23,57,user_873@email.com
874,User_874,Tunisia,2023-01-31,36,user_874@email.com
875,User_875,Spain,2022-02-04,54,user_875@email.com
876,User_876,Canada,2023-01-13,66,user_876@email.com
877,User_877,France,2022-11-20,70,user_877@email.com
878,User_878,France,2023-08-29,46,user_878@email.com
879,User_879,Tunisia,2023-06-29,30,user_879@email.com
880,User_880,France,2023-02-04,44,user_880@email.com
881,User_881,Germany,2023-04-27,42,user_881@email.com
882,User_882,Germany,2022-07-12,63,user_882@email.com
883,User_883,Egypt,2022-07-01,54,user_883@email.com
884,User_884,Tunisia,2022-01-21,63,user_884@email.com
885,User_885,UK,2023-01-03,68,user_885@email.com
886,User_886,Morocco,2022-07-21,34,user_886@email.com
887,User_887,France,2023-03-15,43,user_887@email.com
888,User_888,Canada,2022-09-25,46,user_888@email.com
889,User_889,Canada,2022-05-28,45,user_889@email.com
890,User_890,Tunisia,2022-10-31,60,user_890@email.com
891,User_891,France,2023-07-11,41,user_891@email.com
892,User_892,USA,2023-03-19,36,user_892@email.com
893,User_893,Tunisia,2023-03-21,31,user_893@email.com
894,User_894,Morocco,2023-03-10,51,user_894@email.com
895,User_895,Canada,2022-08-06,41,user_895@email.com
896,User_896,Tunisia,2022-02-05,34,user_896@email.com
897,User_897,UK,2022-02-20,36,user_897@email.com
898,User_898,Canada,2023-09-01,22,user_898@email.com
899,User_899,Spain,2022-08-03,65,user_899@email.com
900,User_900,USA,2023-04-12,65,user_900@email.com
901,User_901,Morocco,2022-12-06,51,user_901@email.com
902,User_902,Tunisia,2022-02-24,43,user_902@email.com
903,User_903,Egypt,2022-04-26,29,user_903@email.com
904,User_904,Germany,2023-04-26,65,user_904@email.com
905,User_905,France,2023-05-02,42,user_905@email.com
906,User_906,Tunisia,2022-02-27,27,user_906@email.com
907,User_907,USA,2022-09-20,44,user_907@email.com
908,User_908,Tunisia,2023-06-19,22,user_908@email.com
909,User_909,Morocco,2022-10-08,33,user_909@email.com
910,User_910,France,2023-10-25,52,user_910@email.com
911,User_911,Tunisia,2022-10-20,51,user_911@email.com
912,User_912,Tunisia,2023-04-17,62,user_912@email.com
913,User_913,Tunisia,2022-12-21,58,user_913@email.com
914,User_914,France,2023-08-08,69,user_914@email.com
915,User_915,Egypt,2022-05-23,45,user_915@email.com
916,User_916,Canada,2023-07-25,54,user_916@email.com
917,User_917,Morocco,2022-07-20,44,user_917@email.com
918,User_918,Tunisia,2022-04-02,39,user_918@email.com
919,User_919,Morocco,2023-03-06,35,user_919@email.com
920,User_920,Tunisia,2023-09-30,35,user_920@email.com
921,User_921,Morocco,2022-12-26,51,user_921@email.com
922,User_922,Spain,2022-05-27,36,user_922@email.com
923,User_923,Spain,2022-12-31,39,user_923@email.com
924,User_924,France,2022-11-06,24,user_924@email.com
925,User_925,Morocco,2023-01-29,40,user_925@email.com
926,User_926,Germany,2022-09-27,56,user_926@email.com
927,User_927,Morocco,2023-05-10,53,user_927@email.com
928,User_928,USA,2023-11-21,63,user_928@email.com
929,User_929,UK,2022-09-24,55,user_929@email.com
930,User_930,Morocco,2022-06-08,18,user_930@email.com
931,User_931,Morocco,2022-07-28,35,user_931@email.com
932,User_932,Germany,2023-10-26,36,user_932@email.com
933,User_933,Italy,2022-12-15,46,user_933@email.com
934,User_934,UK,2022-12-01,40,user_934@email.com
935,User_935,UK,2023-09-11,22,user_935@email.com
936,User_936,Morocco,2023-02-24,56,user_936@email.com
937,User_937,Germany,2023-12-05,21,user_937@email.com
938,User_938,Spain,2023-04-20,25,user_938@email.com
939,User_939,Italy,2022-08-06,39,user_939@email.com
940,User_940,USA,2022-06-27,29,user_940@email.com
941,User_941,Morocco,2022-01-06,37,user_941@email.com
942,User_942,Spain,2023-02-05,29,user_942@email.com
943,User_943,Spain,2022-01-29,40,user_943@email.com
944,User_944,Italy,2023-09-03,28,user_944@email.com
945,User_945,Morocco,2023-05-30,70,user_945@email.com
946,User_946,Tunisia,2022-03-27,35,user_946@email.com
947,User_947,Germany,2022-04-16,57,user_947@email.com
948,User_948,France,2023-10-20,20,user_948@email.com
949,User_949,Egypt,2023-02-14,34,user_949@email.com
950,User_950,Canada,2023-11-01,37,user_950@email.com
951,User_951,Italy,2023-04-30,70,user_951@email.com
952,User_952,USA,2023-10-26,54,user_952@email.com
953,User_953,UK,2023-07-03,28,user_953@email.com
954,User_954,Tunisia,2022-04-24,48,user_954@email.com
955,User_955,Italy,2023-04-09,62,user_955@email.com
956,User_956,UK,2023-11-18,61,user_956@email.com
957,User_957,Tunisia,2023-08-09,24,user_957@email.com
958,User_958,USA,2023-12-30,32,user_958@email.com
959,User_959,Egypt,2022-09-10,49,user_959@email.com
960,User_960,USA,2022-07-23,65,user_960@email.com
961,User_961,Spain,2023-05-02,19,user_961@email.com
962,User_962,Tunisia,2023-04-12,50,user_962@email.com
963,User_963,Canada,2022-05-06,36,user_963@email.com
964,User_964,Egypt,2023-11-09,19,user_964@email.com
965,User_965,Canada,2022-09-16,32,user_965@email.com
966,User_966,USA,2023-01-11,18,user_966@email.com
967,User_967,UK,2022-10-29,62,user_967@email.com
968,User_968,Canada,2022-08-04,57,user_968@email.com
969,User_969,UK,2023-06-15,36,user_969@email.com
970,User_970,France,2022-09-16,20,user_970@email.com
971,User_971,France,2022-11-09,68,user_971@email.com
972,User_972,Italy,2022-01-31,42,user_972@email.com
973,User_973,UK,2022-10-22,39,user_973@email.com
974,User_974,Egypt,2023-01-23,52,user_974@email.com
975,User_975,France,2022-05-06,55,user_975@email.com
976,User_976,Tunisia,2022-02-25,32,user_976@email.com
977,User_977,UK,2022-08-26,62,user_977@email.com
978,User_978,Canada,2022-01-09,67,user_978@email.com
979,User_979,France,2023-09-08,66,user_979@email.com
980,User_980,France,2022-10-20,20,user_980@email.com
981,User_981,Canada,2022-07-11,27,user_981@email.com
982,User_982,France,2023-07-23,66,user_982@email.com
983,User_983,UK,2023-04-13,60,user_983@email.com
984,User_984,Morocco,2022-10-13,27,user_984@email.com
985,User_985,Canada,2023-01-25,39,user_985@email.com
986,User_986,Italy,2022-12-11,37,user_986@email.com
987,User_987,Egypt,2023-09-17,59,user_987@email.com
988,User_988,Germany,2023-05-13,25,user_988@email.com
989,User_989,UK,2023-09-29,40,user_989@email.com
990,User_990,Canada,2022-08-24,37,user_990@email.com
991,User_991,USA,2023-06-28,44,user_991@email.com
992,User_992,Egypt,2023-09-05,57,user_992@email.com
993,User_993,Egypt,2023-01-25,18,user_993@email.com
994,User_994,Italy,2022-09-21,57,user_994@email.com
995,User_995,USA,2022-09-16,56,user_995@email.com
996,User_996,Spain,2022-09-09,32,user_996@email.com
997,User_997,Canada,2023-05-02,67,user_997@email.com
998,User_998,France,2023-01-01,66,user_998@email.com
999,User_999,Morocco,2022-05-28,25,user_999@email.com
1000,User_1000,UK,2022-11-22,66,user_1000@email.com
